Mass [m/z],Formula [M],Species,CS [z],Polarity,Start [min],End [min],NCE,Comment
553.99034,,,3,Positive,26.79,36.79,30,H3.3_K27_R40_me3-pr-pr
830.46231,,,2,Positive,30.15,40.15,30,H3.3_K27_R40_ac-pr-pr
844.4781,,,2,Positive,36.62,46.62,30,H3.3_K27_R40_bu-pr-pr
549.317,,,3,Positive,23.51,33.51,30,H3.3_K27_R40_me2-pr-pr
837.4703,,,2,Positive,32.6,42.6,30,H3.3_K27_R40_pr-pr-pr
822.465,,,2,Positive,31.58,41.58,30,H3canon_K27_R40_ac-pr-pr
836.48074,,,2,Positive,37.41,47.41,30,H3canon_K27_R40_bu-pr-pr
543.98612,,,3,Positive,23.94,33.94,30,H3canon_K27_R40_me2-pr-pr
548.6583,,,3,Positive,23.83,33.83,30,H3canon_K27_R40_me3-pr-pr
829.4728,,,2,Positive,33.38,43.38,30,H3canon_K27_R40_pr-pr-pr
844.4781,,,2,Positive,35.11,45.11,30,H3mm13_mouse_K27_R40_ac-pr-pr
858.4938,,,2,Positive,41.7,51.7,30,H3mm13_mouse_K27_R40_bu-pr-pr
558.661423,,,3,Positive,28.49,38.49,30,H3mm13_mouse_K27_R40_me2-pr-pr
563.333,,,3,Positive,28.32,38.32,30,H3mm13_mouse_K27_R40_me3-pr-pr
851.48647,,,2,Positive,37.64,47.64,30,H3mm13_mouse_K27_R40_pr-pr-pr
836.4807,,,2,Positive,40.43,50.43,30,H3mm7_mouse_K27_R40_ac-pr-pr
850.4963,,,2,Positive,46.31,56.31,30,H3mm7_mouse_K27_R40_bu-pr-pr
553.329,,,3,Positive,33.47,43.47,30,H3mm7_mouse_K27_R40_me2-pr-pr
558.001668,,,3,Positive,33.31,43.31,30,H3mm7_mouse_K27_R40_me3-pr-pr
843.4885,,,2,Positive,42.83,52.83,30,H3mm7_mouse_K27_R40_pr-pr-pr
487.256705,,,2,Positive,12.22,22.22,30,LGGNEQVTR
644.822606,,,2,Positive,23.02,33.02,30,GAGSSEPVTGLDAK
683.827888,,,2,Positive,27.85,37.85,30,VEATFGVDESNAK
547.298038,,,2,Positive,31.76,41.76,30,YILAGVENSK
669.838059,,,2,Positive,34.15,44.15,30,TPVISGGPYEYR
699.338423,,,2,Positive,40.01,50.01,30,DGLDAASYYAPVR
726.835713,,,2,Positive,44.72,54.72,30,ADVTPADFSEWSK
622.853512,,,2,Positive,52.09,62.09,30,GTFIIDPGGVIR
776.929751,,,2,Positive,62.64,72.64,30,LFLQFGAQGSPFLK
